score,k_pct,dropped,retained_acc,retained_n
top1_prob,1,75,0.9741822114084888,7398
top1_prob,2,149,0.9791097760786456,7324
top1_prob,5,374,0.9876038878715312,7099
top1_prob,10,747,0.9970264644662503,6726
raw_confidence,1,75,0.9741822114084888,7398
raw_confidence,2,149,0.9791097760786456,7324
raw_confidence,5,374,0.9873221580504297,7099
raw_confidence,10,747,0.9968777876895629,6726
margin,1,75,0.9747228980805623,7398
margin,2,149,0.979382850901147,7324
margin,5,374,0.9885899422453867,7099
margin,10,747,0.9973238180196253,6726
neg_entropy,1,75,0.9737766964044337,7398
neg_entropy,2,149,0.976788640087384,7324
neg_entropy,5,374,0.9836596703761094,7099
neg_entropy,10,747,0.9952423431460006,6726
