bin,lo,hi,n,mean_conf,acc
0,0.9,0.9100000100000001,126,0.9052380952380955,0.9920634920634921
1,0.9100000100000001,0.92000002,95,0.9200000000000003,1.0
2,0.92000002,0.93000003,98,0.93,0.9897959183673469
3,0.93000003,0.94000004,130,0.9399999999999997,0.9923076923076923
4,0.94000004,0.9500000500000001,139,0.9500000000000001,1.0
5,0.9500000500000001,0.96000006,195,0.9600000000000002,0.9948717948717949
6,0.96000006,0.97000007,264,0.9700000000000002,0.9962121212121212
7,0.97000007,0.98000008,430,0.9800000000000003,0.9976744186046511
8,0.98000008,0.9900000900000001,869,0.9900000000000001,1.0
9,0.9900000900000001,1.0000001,3993,1.0,1.0
