feature,bin,n,correct,acc,lo,hi
char_len,"Q1 [42,168]",1889,1864,0.9867654843832716,0.980535526466046,0.9910196935294431
char_len,"Q2 [168,217]",1866,1821,0.9758842443729904,0.9678848083282888,0.981928338430453
char_len,"Q3 [217,280]",1852,1793,0.9681425485961123,0.9591248699866752,0.9752221841228164
char_len,"Q4 [280,985]",1866,1766,0.9464094319399786,0.9352434627800181,0.9557411670060538
word_count,"Q1 [9,33]",2067,2039,0.9864537977745524,0.9804915314951631,0.990611297924901
word_count,"Q2 [33,42]",1810,1768,0.9767955801104973,0.968784153082988,0.9827874363460721
word_count,"Q3 [42,54]",1815,1752,0.9652892561983472,0.9558371091230545,0.9727759878308951
word_count,"Q4 [54,183]",1781,1685,0.9460976979225154,0.9346170833450972,0.9556580680377903
input_tokens,"Q1 [364,397]",1889,1866,0.9878242456326098,0.9817954162705121,0.9918730287820633
input_tokens,"Q2 [397,409]",1936,1897,0.9798553719008265,0.9725812189382443,0.9852290142091109
input_tokens,"Q3 [409,424]",1829,1770,0.967741935483871,0.9586135937177948,0.9749095933037036
input_tokens,"Q4 [424,563]",1819,1711,0.9406267179769104,0.9288097697977453,0.9505865113159091
n_numeric_literals,"Q1 [0,2]",2364,2332,0.9864636209813875,0.980953573553033,0.9903952434774161
n_numeric_literals,"Q2 [2,3]",2159,2111,0.9777674849467346,0.9706475740142784,0.9831902542410862
n_numeric_literals,"Q3 [3,4]",1425,1385,0.9719298245614035,0.9620031781635515,0.979318891993246
n_numeric_literals,"Q4 [4,15]",1525,1416,0.9285245901639344,0.9144896029883464,0.9404061040893353
option_spread,"Q1 [1.1,9.3]",1868,1752,0.9379014989293362,0.9260331151452866,0.9479725289960464
option_spread,"Q2 [9.3,25.6]",1868,1821,0.9748394004282656,0.9667035006063138,0.9810263360114888
option_spread,"Q3 [25.6,74.3]",1868,1827,0.978051391862955,0.9703608049632091,0.9837798310003734
option_spread,"Q4 [74.3,1.03e+06]",1868,1843,0.9866167023554604,0.9803175411734344,0.9909185597122281
option_cv,"Q1 [0.0412,0.587]",1869,1793,0.9593365436062066,0.9493997988807141,0.9673889617790459
option_cv,"Q2 [0.587,0.715]",1868,1832,0.9807280513918629,0.9734357989486966,0.986047169803036
option_cv,"Q3 [0.715,0.895]",1868,1824,0.9764453961456103,0.9685280924744876,0.9824071438162051
option_cv,"Q4 [0.895,1.73]",1868,1795,0.9609207708779444,0.9511453352954904,0.9688043708239327
gold_mag,negative,3,3,1.0,0.43850296436068037,1.0
gold_mag,zero,1,1,1.0,0.2065493117918027,1.0
gold_mag,"(0,10)",1360,1347,0.9904411764705883,0.9837142437254809,0.994405310650162
gold_mag,"[10,100)",3603,3521,0.9772411878989731,0.9718394461011852,0.9816263602574469
gold_mag,"[100,1000)",1709,1600,0.9362200117027502,0.9236280761730576,0.9468552906727058
gold_mag,"[1000,+)",797,772,0.9686323713927227,0.95410450110285,0.97866439056204
gold_rank,smallest,5276,5197,0.9850265352539803,0.981378850559255,0.9879684375853427
gold_rank,largest,946,906,0.9577167019027484,0.942934849822429,0.9687962521447953
gold_rank,neither,1251,1141,0.9120703437250199,0.8950893785530325,0.9265283586543012
gold_is_int,True,7473,7244,0.9693563495249565,0.9652011491671711,0.9730292571586575
gold_is_int,False,0,0,,,
has_neg_or_zero_option,True,4,4,1.0,0.5101091596030786,0.9999999999999999
has_neg_or_zero_option,False,7469,7240,0.9693399384121033,0.9651825553370557,0.9730147874779174
