slice,n,correct,acc,lo,hi,underpowered
fraction (/ or 'fraction'),614,582,0.9478827361563518,0.9273523519365173,0.9628436556215799,False
geometry,68,65,0.9558823529411765,0.8781280473294012,0.9848833804096001,False
ratio/proportion,47,45,0.9574468085106383,0.8575147221070161,0.9882517241390656,False
interest/finance,1007,965,0.958291956305859,0.9441034880001986,0.9689971687748897,False
work-rate,314,303,0.964968152866242,0.9383688543767855,0.9803281621412926,False
probability/combinatorics,116,112,0.9655172413793104,0.9146804588951801,0.9865101725287494,False
percent (% or 'percent'),1009,979,0.9702675916749257,0.9578728499034797,0.9790951145084332,False
speed/distance/time,300,292,0.9733333333333334,0.9482710567929951,0.9864269302613404,False
explicit negation,238,232,0.9747899159663865,0.9461005958854438,0.9883959170177821,False
