metric,value
latency_mean,800.2555079641279
latency_sd,80.94556419170799
latency_p50,794.0
latency_p90,888.8
latency_p95,919.6
latency_p99,1016.7800000000001
latency_min,382.9
latency_max,1962.6
latency_n,7471.0
latency_excluded_attempts_gt1,2.0
pearson_r_latency_tokens,-0.01508690345282011
pearson_p,0.19227051159544595
spearman_rho_latency_tokens,-0.01731375653939605
spearman_p,0.13455586476625767
latency_mean_correct,800.3153686826844
latency_mean_incorrect,798.3624454148471
mannwhitney_U,830586.0
mannwhitney_p,0.9658328486435037
cost_total,0.129608094
cost_mean_per_item,1.734351585708551e-05
cost_per_correct,1.7891785477636667e-05
cost_per_1000_items,0.01734351585708551
expected_cost_at_0.042_per_M,0.129608094
implied_price_per_M_input,0.042
wall_clock_s,499.0
throughput_items_per_s,14.975951903807616
